{
    "target": "age_open",
    "na_count": 45,
    "min": 36.0,
    "max": 89.0,
    "mean": 60.72901080631754,
    "median": 60.0,
    "std": 15.351989294882916
}