{
    "target": "neo_a",
    "na_count": 51,
    "min": 15.0,
    "max": 48.0,
    "mean": 35.203007518796994,
    "median": 35.0,
    "std": 5.444741347260881
}