{
    "target": "ravlt_delay_completion",
    "na_count": 209,
    "min": 87.438,
    "max": 10332.0,
    "mean": 454.8044581328203,
    "median": 421.075,
    "std": 331.5423811653287
}