{
    "target": "CrystIQ_Tr35_60y",
    "na_count": 95,
    "min": -3.35185041236437,
    "max": 2.10919539904222,
    "mean": 0.0007332930174339918,
    "median": 0.0393206461907486,
    "std": 0.8563746526305495
}