{
    "target": "Memory_Tr35_60y",
    "na_count": 95,
    "min": -4.44263692113092,
    "max": 2.10549345963135,
    "mean": -0.37025277112018473,
    "median": -0.346954512665918,
    "std": 1.0535615527736728
}