{
    "target": "neo_o",
    "na_count": 51,
    "min": 12.0,
    "max": 46.0,
    "mean": 29.94486215538847,
    "median": 30.0,
    "std": 5.974469155569321
}