{
    "target": "neo_c",
    "na_count": 51,
    "min": 12.0,
    "max": 48.0,
    "mean": 34.88137009189641,
    "median": 35.0,
    "std": 6.32066437340875
}