{
    "target": "neo_n",
    "na_count": 51,
    "min": 0.0,
    "max": 47.0,
    "mean": 14.492063492063492,
    "median": 14.0,
    "std": 7.231086192802432
}