{
    "target": "neo_e",
    "na_count": 51,
    "min": 9.0,
    "max": 47.0,
    "mean": 29.401837928153718,
    "median": 30.0,
    "std": 6.0108399819070195
}