{
    "target": "tlbx_grip_uncorrected_standard_scores_dominant",
    "na_count": 13,
    "min": 67.0,
    "max": 146.0,
    "mean": 98.63157894736842,
    "median": 97.0,
    "std": 11.68902047619526
}