{
    "target": "FluidIQ_Tr35_60y",
    "na_count": 95,
    "min": -4.79903038967611,
    "max": 1.89472731952195,
    "mean": -0.49341906617912884,
    "median": -0.379640915569727,
    "std": 1.0725655719689478
}