{
    "target": "ravlt_learning_score",
    "na_count": 25,
    "min": -5.0,
    "max": 14.0,
    "mean": 5.975470155355683,
    "median": 6.0,
    "std": 2.3650593679570227
}